month,total_orders,total_customers,revenue,average_order_value,revenue_growth_pct
2016-09-01,1,1,134.97,134.97,
2016-10-01,265,262,40325.11,152.17,29777.091205453064
2016-12-01,1,1,10.9,10.9,-99.97296969555694
2017-01-01,750,718,111798.36,149.06,1025573.0275229358
2017-02-01,1653,1630,234223.4,141.7,109.50521993345879
2017-03-01,2546,2508,359198.85,141.08,53.35737163750505
2017-04-01,2303,2274,340669.68,147.92,-5.158471414927968
2017-05-01,3546,3479,489338.25,138.0,43.64009441638599
2017-06-01,3135,3076,421923.37,134.58,-13.776744409414142
2017-07-01,3872,3802,481604.52,124.38,14.14502116818037
2017-08-01,4193,4114,554699.7,132.29,15.177428152044747
2017-09-01,4150,4083,607399.67,146.36,9.500630701621082
2017-10-01,4478,4417,648247.65,144.76,6.725057983650196
2017-11-01,7289,7183,987765.37,135.51,52.374693529548466
2017-12-01,5513,5450,726033.19,131.69,-26.49740393308181
2018-01-01,7069,6974,924645.0,130.8,27.35574802027991
2018-02-01,6555,6400,826437.13,126.08,-10.621143249571452
2018-03-01,7003,6914,953356.25,136.14,15.35738356770102
2018-04-01,6798,6744,973534.09,143.21,2.1165057658141917
2018-05-01,6749,6693,977544.69,144.84,0.41196297502021917
2018-06-01,6099,6061,856077.86,140.36,-12.42570608204111
2018-07-01,6159,6100,867953.46,140.92,1.3872102708041067
2018-08-01,6351,6310,838576.64,132.04,-3.3846077415256692
